,Unnamed: 0,Institution Name,City,State,Zip Code,zip,Type,Latitude,Longitude,Number of Undergraduate Students,Average Cost for Academic Year Institution,Average Cost for Program Year Institution,Tuition Fee for In-District Students,Tuition Fee for Out-of-State Students,Admission Rate,county,Median Income,Total Count,Below Poverty,Above Poverty,Poverty Rate
0,0,Abilene Christian University,Abilene,TX,79699,79699,Private for Profit,32.468943,-99.709797,3141.0,55221.0,,40500.0,40500.0,0.6579,Taylor,61806,136790,19947,116843,14.582206301630237
1,1,Alvin Community College,Alvin,TX,77511-4898,77511,Public,29.396244,-95.240671,3151.0,11551.0,,1706.0,4010.0,,Brazoria,91972,362047,27271,334776,7.532447444668786
2,2,Amarillo College,Amarillo,TX,79109,79109,Public,35.187839,-101.846988,7271.0,10912.0,,2136.0,4704.0,,Randall,78038,138573,13072,125501,9.433295086344382
3,3,Amberton University,Garland,TX,75041-5595,75041,Private for Profit,32.859931,-96.65302,114.0,,,,,,Dallas,70732,2573799,359882,2213917,13.982521556656131
4,4,Angelina College,Lufkin,TX,75902-1768,75902,Public,31.287444,-94.731625,2453.0,13973.0,,3120.0,6150.0,,Angelina,57055,84075,13536,70539,16.09991079393399
5,5,Angelo State University,San Angelo,TX,76909,76909,Public,31.440914,-100.465051,5314.0,21174.0,,8186.0,17978.0,0.7914,Tom Green,67215,113564,13332,100232,11.73963580007749
6,6,Arlington Baptist University,Arlington,TX,76012-3425,76012,Private for Profit,32.739489,-97.156024,216.0,26940.0,,17480.0,17480.0,,Tarrant,78872,2083760,229643,1854117,11.02060697969056
7,7,Arlington Career Institute,Grand Prairie,TX,75050-2636,75050,Private Non-Profit,32.77244,-97.052772,375.0,,28152.0,,,,Dallas,70732,2573799,359882,2213917,13.982521556656131
8,8,The Art Institute of Houston,Houston,TX,77027-9625,77027,Private Non-Profit,29.73025,-95.445766,317.0,40128.0,,20794.0,20794.0,,Harris,70789,4677056,737681,3939375,15.772336273074345
9,9,Austin College,Sherman,TX,75090-4400,75090,Private for Profit,33.646345,-96.596331,1166.0,57746.0,,44950.0,44950.0,0.5437,Grayson,66608,134425,15361,119064,11.427189882834297
10,10,Austin Community College District,Austin,TX,78752,78752,Public,30.322744,-97.712505,25332.0,11382.0,,2550.0,10590.0,,Travis,92731,1262697,142451,1120246,11.281487165963014
11,11,Austin Presbyterian Theological Seminary,Austin,TX,78705-5711,78705,Private for Profit,30.29201,-97.736958,,,,,,,Travis,92731,1262697,142451,1120246,11.281487165963014
12,12,Baldwin Beauty School-South Austin,Austin,TX,78704-4785,78704,Private Non-Profit,30.241662,-97.783062,44.0,,19904.0,,,,Travis,92731,1262697,142451,1120246,11.281487165963014
13,13,Baptist Health System School of Health Professions,San Antonio,TX,78229,78229,Private Non-Profit,29.517063,-98.567486,457.0,,,,,,Bexar,67275,1977132,299972,1677160,15.172077534529812
14,14,Baptist Missionary Association Theological Seminary,Jacksonville,TX,75766-5407,75766,Private for Profit,31.978961,-95.255524,53.0,,,8850.0,8850.0,0.7,Cherokee,56971,47337,7847,39490,16.576884889198723
15,15,Baylor College of Medicine,Houston,TX,77030-3498,77030,Private for Profit,29.7106,-95.395743,,,,,,,Harris,70789,4677056,737681,3939375,15.772336273074345
16,16,Baylor University,Waco,TX,76798,76798,Private for Profit,31.546872,-97.121041,15134.0,68535.0,,51738.0,51738.0,0.4588,McLennan,59781,250840,44851,205989,17.88032211768458
17,17,Coastal Bend College,Beeville,TX,78102,78102,Public,28.435194,-97.755896,2236.0,11282.0,,2658.0,4968.0,,Bee,50283,23560,4703,18857,19.961799660441425
18,18,Blinn College District,Brenham,TX,77833-4098,77833,Public,30.160457,-96.40852,15721.0,19080.0,,4460.0,10940.0,,Washington,70043,33541,3988,29553,11.889925762499628
19,19,Remington College-Dallas Campus,Dallas,TX,75243,75243,Private for Profit,32.912428,-96.733735,302.0,29495.0,,23365.0,23365.0,,Dallas,70732,2573799,359882,2213917,13.982521556656131
20,20,Vet Tech Institute of Houston,Houston,TX,77027,77027,Private Non-Profit,29.728907,-95.455533,175.0,19550.0,,15240.0,15240.0,0.6857,Harris,70789,4677056,737681,3939375,15.772336273074345
21,21,Brazosport College,Lake Jackson,TX,77566,77566,Public,29.048604,-95.40934,2898.0,9244.0,,2411.0,4748.0,,Brazoria,91972,362047,27271,334776,7.532447444668786
22,22,Central Texas College,Killeen,TX,76549-4199,76549,Public,31.120516,-97.810827,4818.0,11726.0,,3000.0,7500.0,,Bell,62858,360787,52988,307799,14.68678195167786
23,23,Charles and Sues School of Hair Design,Bryan,TX,77802,77802,Private Non-Profit,30.6528,-96.340102,22.0,,24110.0,,,,Brazos,57562,216892,52720,164172,24.307028382789593
24,24,Cisco College,Cisco,TX,76437,76437,Public,32.401132,-98.985206,2797.0,14946.0,,4110.0,5310.0,,Eastland,52902,16910,2738,14172,16.191602602010644
25,25,Clarendon College,Clarendon,TX,79226,79226,Public,34.944558,-100.902421,1319.0,14182.0,,3720.0,5400.0,,Donley,51711,2953,334,2619,11.31053166271588
26,26,Concordia University Texas,Austin,TX,78726,78726,Private for Profit,30.420232,-97.835703,1571.0,49494.0,,35620.0,35620.0,0.8574,Travis,92731,1262697,142451,1120246,11.281487165963014
27,27,BK Cosmo College of Cosmetology,Kerrville,TX,78028-4312,78028,Private Non-Profit,30.055075,-99.15037,38.0,,22519.0,,,,Kerr,66713,51003,6395,44608,12.538478128737529
28,28,North Central Texas College,Gainesville,TX,76240-4699,76240,Public,33.6188,-97.1658,5457.0,10027.0,,2520.0,7200.0,,Cooke,66374,41107,5479,35628,13.32863016031333
29,29,Texas A & M University-Corpus Christi,Corpus Christi,TX,78412-5503,78412,Public,27.713723,-97.32395,7818.0,23200.0,,9748.0,20745.0,0.8797,Nueces,64027,345480,59784,285696,17.30461965960403
30,30,Paul Mitchell the School-Dallas,Carrollton,TX,75006,75006,Private Non-Profit,32.973328,-96.843526,275.0,,26226.0,,,,Dallas,70732,2573799,359882,2213917,13.982521556656131
31,31,Dallas Baptist University,Dallas,TX,75211-9299,75211,Private for Profit,32.710017,-96.947006,2674.0,46367.0,,35310.0,35310.0,0.9137,Dallas,70732,2573799,359882,2213917,13.982521556656131
32,32,Dallas Christian College,Dallas,TX,75234-7299,75234,Private for Profit,32.913692,-96.887117,245.0,34925.0,,20580.0,20580.0,0.5,Dallas,70732,2573799,359882,2213917,13.982521556656131
33,33,Dallas Institute of Funeral Service,Dallas,TX,75227-4314,75227,Private for Profit,32.771368,-96.683404,776.0,20670.0,,13200.0,13200.0,,Dallas,70732,2573799,359882,2213917,13.982521556656131
34,34,Dallas Theological Seminary,Dallas,TX,75204,75204,Private for Profit,32.795361,-96.780497,,,,,,,Dallas,70732,2573799,359882,2213917,13.982521556656131
35,35,University of Dallas,Irving,TX,75062-4736,75062,Private for Profit,32.846221,-96.919512,1446.0,63310.0,,48000.0,48000.0,0.587,Dallas,70732,2573799,359882,2213917,13.982521556656131
36,36,Del Mar College,Corpus Christi,TX,78404-3897,78404,Public,27.763619,-97.40762,9104.0,11899.0,,3380.0,5990.0,,Nueces,64027,345480,59784,285696,17.30461965960403
37,37,East Texas Baptist University,Marshall,TX,75670-1498,75670,Private for Profit,32.557847,-94.374488,1324.0,40625.0,,28910.0,28910.0,0.677,Harrison,63427,66994,10946,56048,16.338776606860318
38,38,Texas A&M University-Texarkana,Texarkana,TX,75503,75503,Public,33.490482,-94.103617,1758.0,21204.0,,7930.0,20659.0,0.9148,Bowie,56628,86991,15117,71874,17.37765975790599
39,39,Texas A & M University-Commerce,Commerce,TX,75429-3011,75429,Public,33.242112,-95.904579,7317.0,22475.0,,10026.0,22266.0,0.8645,Hunt,66885,98688,12082,86606,12.242623216601816
40,40,Dallas College,Dallas,TX,75215-3604,75215,Public,32.766319,-96.794036,34709.0,9595.0,,2370.0,6000.0,,Dallas,70732,2573799,359882,2213917,13.982521556656131
41,41,El Paso Community College,El Paso,TX,79925-6507,79925,Public,31.773359,-106.373616,24129.0,12929.0,,3274.0,5314.0,,El Paso,55417,849872,165778,684094,19.50623152662989
42,42,Western Technical College,El Paso,TX,79924,79924,Private Non-Profit,31.877794,-106.425881,608.0,,23227.0,,,,El Paso,55417,849872,165778,684094,19.50623152662989
43,43,Western Technical College,El Paso,TX,79927,79927,Private Non-Profit,31.675953,-106.319269,1328.0,,,,,,El Paso,55417,849872,165778,684094,19.50623152662989
44,44,Episcopal Theological Seminary of the Southwest,Austin,TX,78705,78705,Private for Profit,30.293092,-97.732652,,,,,,,Travis,92731,1262697,142451,1120246,11.281487165963014
45,45,Exposito School of Hair Design,Amarillo,TX,79109-3208,79109,Private Non-Profit,35.183578,-101.881271,28.0,,21003.0,,,,Randall,78038,138573,13072,125501,9.433295086344382
46,46,Miami International University of Art & Design-Art Institute Dallas,Dallas,TX,75231-5993,75231,Private Non-Profit,32.871008,-96.767823,263.0,40240.0,,20794.0,20794.0,,Dallas,70732,2573799,359882,2213917,13.982521556656131
47,47,Fort Worth Beauty School,Benbrook,TX,76116,76116,Private Non-Profit,32.82338,-97.420695,72.0,,21429.0,,,,Tarrant,78872,2083760,229643,1854117,11.02060697969056
48,48,Frank Phillips College,Borger,TX,79008-5118,79008,Public,35.657778,-101.406005,726.0,11560.0,,3712.0,4882.0,,Hutchinson,62211,20404,2114,18290,10.360713585571457
49,49,Galveston College,Galveston,TX,77550-7496,77550,Public,29.284735,-94.807686,1522.0,13305.0,,2546.0,5726.0,,Galveston,83913,344758,37987,306771,11.018453523921128
50,50,Graham's Barber College,DALLAS,TX,75215-1701,75215,Private Non-Profit,32.774017,-96.76832,11.0,,,,,,Dallas,70732,2573799,359882,2213917,13.982521556656131
51,51,Grayson College,Denison,TX,75020-8299,75020,Public,33.70574,-96.633891,2707.0,11377.0,,2872.0,5692.0,,Grayson,66608,134425,15361,119064,11.427189882834297
52,52,Hallmark University,San Antonio,TX,78251,78251,Private for Profit,29.466862,-98.685754,792.0,,17432.0,,,0.5289,Bexar,67275,1977132,299972,1677160,15.172077534529812
53,53,Hardin-Simmons University,Abilene,TX,79698-0001,79698,Private for Profit,32.476434,-99.73564,1323.0,45285.0,,31686.0,31686.0,0.8825,Taylor,61806,136790,19947,116843,14.582206301630237
54,54,Trinity Valley Community College,Athens,TX,75751,75751,Public,32.196596,-95.858513,4591.0,12892.0,,2640.0,5970.0,,Henderson,59778,81208,11986,69222,14.759629593143533
55,55,Hill College,Hillsboro,TX,76645,76645,Public,32.010928,-97.088332,1925.0,14431.0,,3570.0,4720.0,,Hill,60669,35145,4681,30464,13.319106558543178
56,56,Houston Baptist University,Houston,TX,77074-3298,77074,Private for Profit,29.693819,-95.515954,2814.0,46360.0,,36750.0,36750.0,0.8448,Harris,70789,4677056,737681,3939375,15.772336273074345
57,57,University of Houston-Clear Lake,Houston,TX,77058-1002,77058,Public,29.582523,-95.098129,6343.0,28856.0,,7698.0,20994.0,0.6937,Harris,70789,4677056,737681,3939375,15.772336273074345
58,58,Houston Community College,Houston,TX,77002,77002,Public,29.742114,-95.377319,37871.0,12002.0,,2040.0,5460.0,,Harris,70789,4677056,737681,3939375,15.772336273074345
59,59,University of Houston-Downtown,Houston,TX,77002-1014,77002,Public,29.7661,-95.359338,12752.0,23217.0,,7708.0,17524.0,0.8842,Harris,70789,4677056,737681,3939375,15.772336273074345
60,60,University of Houston-Victoria,Victoria,TX,77901,77901,Public,28.816248,-96.976334,2699.0,21218.0,,7149.0,16941.0,0.8213,Victoria,66308,89351,14870,74481,16.642231200546163
61,61,University of Houston,Houston,TX,77204-2018,77204,Public,29.720393,-95.343537,37080.0,24130.0,,9699.0,21891.0,0.6624,Harris,70789,4677056,737681,3939375,15.772336273074345
62,62,Howard College,Big Spring,TX,79720,79720,Public,32.252292,-101.450104,1652.0,13419.0,,2720.0,5730.0,,Howard,67243,30537,4428,26109,14.500442086648984
63,63,Howard Payne University,Brownwood,TX,76801-2794,76801,Private for Profit,31.716467,-98.985204,721.0,42707.0,,31650.0,31650.0,0.6229,Brown,53792,36298,4822,31476,13.284478483663012
64,64,Huston-Tillotson University,Austin,TX,78702-2795,78702,Private for Profit,30.264667,-97.721691,991.0,25026.0,,14703.0,14703.0,0.5194,Travis,92731,1262697,142451,1120246,11.281487165963014
65,65,University of the Incarnate Word,San Antonio,TX,78209,78209,Private for Profit,29.46708,-98.46583,4547.0,45505.0,,34400.0,34400.0,0.942,Bexar,67275,1977132,299972,1677160,15.172077534529812
66,66,Jacksonville College-Main Campus,Jacksonville,TX,75766-4759,75766,Private for Profit,31.965846,-95.281311,210.0,18410.0,,7150.0,7150.0,,Cherokee,56971,47337,7847,39490,16.576884889198723
67,67,Jarvis Christian University,Hawkins,TX,75765-1470,75765,Private for Profit,32.587942,-95.181513,729.0,25149.0,,11720.0,11720.0,,Wood,61748,43538,5497,38041,12.625752216454591
68,68,KD Conservatory College of Film and Dramatic Arts,Dallas,TX,75207,75207,Private Non-Profit,32.808265,-96.841975,102.0,29143.0,,16850.0,16850.0,0.8621,Dallas,70732,2573799,359882,2213917,13.982521556656131
69,69,Kilgore College,Kilgore,TX,75662-3299,75662,Public,32.377821,-94.871468,3183.0,14445.0,,2160.0,5256.0,,Gregg,63811,120323,19907,100416,16.544634026744678
70,70,Lamar University,Beaumont,TX,77705,77705,Public,30.042738,-94.072244,8075.0,21570.0,,8690.0,18482.0,0.8373,Jefferson,57294,239089,43498,195591,18.193225117006637
71,71,Lamar State College-Orange,Orange,TX,77630,77630,Public,30.0922,-93.732235,1446.0,7872.0,,2832.0,13824.0,,Orange,71910,83847,9995,73852,11.92052190298997
72,72,Lamar State College-Port Arthur,Port Arthur,TX,77640,77640,Public,29.880385,-93.925886,2567.0,9993.0,,1770.0,7890.0,,Jefferson,57294,239089,43498,195591,18.193225117006637
73,73,Laredo Beauty College Inc,Laredo,TX,78040,78040,Private Non-Profit,27.523791,-99.480788,122.0,,10330.0,,,,Webb,59984,264040,56471,207569,21.38728980457506
74,74,Laredo College,Laredo,TX,78040-4395,78040,Public,27.506477,-99.520772,7564.0,11257.0,,3300.0,5748.0,,Webb,59984,264040,56471,207569,21.38728980457506
75,75,Texas A & M International University,Laredo,TX,78041-1900,78041,Public,27.571172,-99.436043,6459.0,16313.0,,7846.0,19382.0,0.4788,Webb,59984,264040,56471,207569,21.38728980457506
76,76,Lee College,Baytown,TX,77520,77520,Public,29.732505,-94.978184,7726.0,12303.0,,2166.0,4302.0,,Harris,70789,4677056,737681,3939375,15.772336273074345
77,77,LeTourneau University,Longview,TX,75602,75602,Private for Profit,32.46632,-94.726394,1553.0,47233.0,,34470.0,34470.0,0.4883,Gregg,63811,120323,19907,100416,16.544634026744678
78,78,Lincoln College of Technology-Grand Prairie,Grand Prairie,TX,75052,75052,Private Non-Profit,32.701684,-97.056391,1212.0,,38049.0,,,,Dallas,70732,2573799,359882,2213917,13.982521556656131
79,79,Lubbock Christian University,Lubbock,TX,79407-2099,79407,Private for Profit,33.575973,-101.934426,1221.0,38261.0,,26300.0,26300.0,0.8159,Lubbock,61911,298979,51472,247507,17.215924864288127
80,80,College of the Mainland,Texas City,TX,77591-2499,77591,Public,29.39581,-94.999602,3161.0,7878.0,,1773.0,3873.0,,Galveston,83913,344758,37987,306771,11.018453523921128
81,81,University of Mary Hardin-Baylor,Belton,TX,76513-2599,76513,Private for Profit,31.066793,-97.463471,3013.0,45330.0,,31950.0,31950.0,0.9567,Bell,62858,360787,52988,307799,14.68678195167786
82,82,McLennan Community College,Waco,TX,76708,76708,Public,31.58947,-97.171228,4979.0,12904.0,,3660.0,5910.0,,McLennan,59781,250840,44851,205989,17.88032211768458
83,83,McMurry University,Abilene,TX,79697,79697,Private for Profit,32.429776,-99.748682,1092.0,42284.0,,30422.0,30422.0,0.565,Taylor,61806,136790,19947,116843,14.582206301630237
84,84,Covenant School of Nursing and Allied Health,Lubbock,TX,79407,79407,Private for Profit,33.5757,-101.937872,336.0,,,,,,Lubbock,61911,298979,51472,247507,17.215924864288127
85,85,Midland College,Midland,TX,79705,79705,Public,32.029646,-102.106153,4737.0,13025.0,,2970.0,5880.0,,Midland,90123,167587,18020,149567,10.75262401021559
86,86,Midwestern State University,Wichita Falls,TX,76308-2099,76308,Public,33.874809,-98.519386,4421.0,21876.0,,10233.0,12183.0,0.9243,Wichita,58862,117321,18483,98838,15.754212800777353
87,87,William Edge Institute,New Braunfels,TX,78130-8216,78130,Private Non-Profit,29.698282,-98.100952,39.0,,18652.0,,,,Comal,93744,163887,9998,153889,6.100544887635993
88,88,Wade College,Dallas,TX,75207,75207,Private Non-Profit,32.800854,-96.819516,157.0,24054.0,,17132.0,17132.0,,Dallas,70732,2573799,359882,2213917,13.982521556656131
89,89,Southern Careers Institute-Austin,Austin,TX,78744,78744,Private Non-Profit,30.226743,-97.784318,1070.0,,25099.0,,,,Travis,92731,1262697,142451,1120246,11.281487165963014
90,90,Tint School of Makeup & Cosmetology,Irving,TX,75061-4235,75061,Private Non-Profit,32.829511,-96.983082,57.0,,21701.0,,,,Dallas,70732,2573799,359882,2213917,13.982521556656131
91,91,Navarro College,Corsicana,TX,75110,75110,Public,32.076061,-96.498731,6277.0,16988.0,,2798.0,6368.0,,Navarro,56261,51662,8502,43160,16.45697030699547
92,92,Lone Star College System,The Woodlands,TX,77381-4399,77381,Public,30.18737,-95.488103,47486.0,14800.0,,2880.0,8070.0,,Montgomery,95946,626227,55202,571025,8.815014363800985
93,93,University of North Texas,Denton,TX,76203-1277,76203,Public,33.211178,-97.148422,33023.0,24696.0,,11140.0,20932.0,0.7913,Denton,104180,903074,66977,836097,7.416557225653711
94,94,Northeast Texas Community College,Mount Pleasant,TX,75455,75455,Public,33.104931,-94.881855,1932.0,15775.0,,3149.0,6449.0,,Titus,57634,30946,5674,25272,18.335164480062044
95,95,Oblate School of Theology,San Antonio,TX,78216-6693,78216,Private for Profit,29.505434,-98.503113,,,,,,,Bexar,67275,1977132,299972,1677160,15.172077534529812
96,96,Ocean Corporation,Houston,TX,77099,77099,Private Non-Profit,29.665467,-95.57034,176.0,,33018.0,,,,Harris,70789,4677056,737681,3939375,15.772336273074345
97,97,Odessa College,Odessa,TX,79764,79764,Public,31.866812,-102.383477,4296.0,12820.0,,2400.0,4566.0,,Ector,70566,160274,25297,134977,15.783595592547762
98,98,Ogle School Hair Skin Nails-Arlington,Arlington,TX,76013,76013,Private Non-Profit,32.720698,-97.140906,324.0,,23616.0,,,,Tarrant,78872,2083760,229643,1854117,11.02060697969056
99,99,Ogle School Hair Skin Nails-Ft Worth,Fort Worth,TX,76132-3638,76132,Private Non-Profit,32.681742,-97.417657,446.0,,22834.0,,,,Tarrant,78872,2083760,229643,1854117,11.02060697969056
100,100,Our Lady of the Lake University,San Antonio,TX,78207-4689,78207,Private for Profit,29.426194,-98.54365,1163.0,40626.0,,31124.0,31124.0,,Bexar,67275,1977132,299972,1677160,15.172077534529812
101,101,The University of Texas Rio Grande Valley,Edinburg,TX,78539-2999,78539,Public,26.306759,-98.173567,26420.0,17988.0,,9538.0,19333.0,0.877,Hidalgo,49371,863824,239276,624548,27.69962399748097
102,102,Texas Southmost College,Brownsville,TX,78520,78520,Public,25.899628,-97.492241,3644.0,11204.0,,3148.0,4948.0,,Cameron,47435,418955,106182,312773,25.34448807151126
103,103,Panola College,Carthage,TX,75633-2397,75633,Public,32.156214,-94.356355,1489.0,13246.0,,2208.0,4896.0,,Panola,58205,22030,3078,18952,13.971856559237402
104,104,Paris Junior College,Paris,TX,75460,75460,Public,33.650929,-95.529177,2339.0,12659.0,,2520.0,5520.0,,Lamar,58246,49447,7892,41555,15.960523388678787
105,105,Paul Quinn College,Dallas,TX,75241,75241,Private for Profit,32.678837,-96.755778,938.0,21678.0,,13798.0,13798.0,0.5728,Dallas,70732,2573799,359882,2213917,13.982521556656131
106,106,Prairie View A & M University,Prairie View,TX,77446,77446,Public,30.092425,-95.989475,8103.0,25775.0,,11299.0,26874.0,0.7607,Waller,71643,52888,6890,45998,13.027529874451671
107,107,Ranger College,Ranger,TX,76470,76470,Public,32.456773,-98.685215,2104.0,13399.0,,4600.0,8350.0,,Eastland,52902,16910,2738,14172,16.191602602010644
108,108,Aviation Institute of Maintenance-Houston,Houston,TX,77061,77061,Private Non-Profit,29.65852,-95.28262,250.0,25268.0,,16757.0,16757.0,,Harris,70789,4677056,737681,3939375,15.772336273074345
109,109,Rice University,Houston,TX,77005-1827,77005,Private for Profit,29.717897,-95.402035,4480.0,71745.0,,54960.0,54960.0,0.0868,Harris,70789,4677056,737681,3939375,15.772336273074345
110,110,Saint Edward's University,Austin,TX,78704-6489,78704,Private for Profit,30.229618,-97.754998,2751.0,63671.0,,50766.0,50766.0,0.851,Travis,92731,1262697,142451,1120246,11.281487165963014
111,111,St Philip's College,San Antonio,TX,78203-2098,78203,Public,29.41508,-98.453285,9344.0,12147.0,,3262.0,14272.0,,Bexar,67275,1977132,299972,1677160,15.172077534529812
112,112,University of St Thomas,Houston,TX,77006-4696,77006,Private for Profit,29.736438,-95.393102,2524.0,42639.0,,32484.0,32484.0,0.9671,Harris,70789,4677056,737681,3939375,15.772336273074345
113,113,Sam Houston State University,Huntsville,TX,77340,77340,Public,30.714738,-95.546205,18184.0,23962.0,,8960.0,18752.0,0.8463,Walker,47193,60850,11841,49009,19.45932621199671
114,114,San Antonio College,San Antonio,TX,78212-3941,78212,Public,29.44634,-98.497647,15568.0,11834.0,,3262.0,14272.0,,Bexar,67275,1977132,299972,1677160,15.172077534529812
115,115,San Jacinto Community College,Pasadena,TX,77505,77505,Public,29.660032,-95.114677,22790.0,14372.0,,1872.0,5040.0,,Harris,70789,4677056,737681,3939375,15.772336273074345
116,116,Schreiner University,Kerrville,TX,78028-5697,78028,Private for Profit,30.031458,-99.130586,1056.0,45167.0,,35614.0,35614.0,0.852,Kerr,66713,51003,6395,44608,12.538478128737529
117,117,Seguin Beauty School-Seguin,Seguin,TX,78155,78155,Private Non-Profit,29.569142,-97.96436,50.0,,21885.0,,,,Guadalupe,88111,171796,14956,156840,8.705674171692007
118,118,St. Mary's University,San Antonio,TX,78228,78228,Private for Profit,29.453244,-98.562778,1991.0,45724.0,,35226.0,35226.0,0.8622,Bexar,67275,1977132,299972,1677160,15.172077534529812
119,119,South Plains College,Levelland,TX,79336,79336,Public,33.575904,-102.365075,6378.0,12207.0,,2601.0,4857.0,,Hockley,53283,20762,3129,17633,15.0708024275118
120,120,South Texas Barber College Inc,Corpus Christi,TX,78415,78415,Private Non-Profit,27.754868,-97.417156,18.0,,20445.0,,,,Nueces,64027,345480,59784,285696,17.30461965960403
121,121,South Texas College of Law Houston,Houston,TX,77002-7006,77002,Private for Profit,29.753171,-95.36455,,,,,,,Harris,70789,4677056,737681,3939375,15.772336273074345
122,122,South Texas Vocational Technical Institute-Weslaco,Weslaco,TX,78599,78599,Private Non-Profit,26.176606,-98.006077,409.0,,24470.0,,,,Hidalgo,49371,863824,239276,624548,27.69962399748097
123,123,Miller-Motte College-STVT-McAllen,McAllen,TX,78503,78503,Private Non-Profit,26.188539,-98.238293,482.0,,21936.0,,,,Hidalgo,49371,863824,239276,624548,27.69962399748097
124,124,Southern Methodist University,Dallas,TX,75275-0221,75275,Private for Profit,32.843612,-96.783365,7044.0,79885.0,,61980.0,61980.0,0.5225,Dallas,70732,2573799,359882,2213917,13.982521556656131
125,125,Southwest School of Business and Technical Careers-San Antonio,San Antonio,TX,78221-0138,78221,Private Non-Profit,29.357965,-98.49583,18.0,,26887.0,,,,Bexar,67275,1977132,299972,1677160,15.172077534529812
126,126,Southwest Texas Junior College,Uvalde,TX,78801-6297,78801,Public,29.219671,-99.741237,3099.0,13163.0,,2502.0,5886.0,,Uvalde,55000,24005,5791,18214,24.12414080399917
127,127,Southwestern Assemblies of God University,Waxahachie,TX,75165,75165,Private for Profit,32.40443,-96.853492,1435.0,31917.0,,17782.0,17782.0,0.8565,Ellis,93248,193409,15850,177559,8.195068481818323
128,128,Southwestern University,Georgetown,TX,78626,78626,Private for Profit,30.634341,-97.665738,1480.0,61668.0,,48650.0,48650.0,0.4479,Williamson,102851,612543,38840,573703,6.340779341205434
129,129,Stephen F Austin State University,Nacogdoches,TX,75961,75961,Public,31.621056,-94.64908,8961.0,24402.0,,10600.0,21616.0,0.8951,Nacogdoches,51153,59438,13339,46099,22.4418722029678
130,130,Texas State University,San Marcos,TX,78666,78666,Public,29.888885,-97.943029,33834.0,25797.0,,11135.0,22559.0,0.877,Hays,79990,237907,30750,207157,12.925218677886738
131,131,Southwestern Adventist University,Keene,TX,76059,76059,Private for Profit,32.397617,-97.32702,659.0,34060.0,,24060.0,24060.0,0.5362,Johnson,77058,179607,19045,160562,10.603706982467276
132,132,Southwestern Christian College,Terrell,TX,75160-4812,75160,Private for Profit,32.735508,-96.285649,84.0,16554.0,,12030.0,12030.0,,Kaufman,84075,148029,14486,133543,9.785920326422524
133,133,Sul Ross State University,Alpine,TX,79832,79832,Public,30.363139,-103.651469,1495.0,22434.0,,7649.0,17441.0,0.9707,Brewster,47747,9233,1445,7788,15.650384490414815
134,134,Tarleton State University,Stephenville,TX,76401-0000,76401,Public,32.217805,-98.219039,11880.0,22286.0,,7848.0,17640.0,0.8706,Erath,59654,40305,6667,33638,16.54137203820866
135,135,Tarrant County College District,Fort Worth,TX,76102,76102,Public,32.757362,-97.337149,38915.0,11554.0,,1728.0,8235.0,,Tarrant,78872,2083760,229643,1854117,11.02060697969056
136,136,Temple College,Temple,TX,76504-7435,76504,Public,31.070715,-97.350471,3198.0,10093.0,,2880.0,6576.0,,Bell,62858,360787,52988,307799,14.68678195167786
137,137,University of Texas Southwestern Medical Center,Dallas,TX,75390-9096,75390,Public,32.812307,-96.841156,,,,,,,Dallas,70732,2573799,359882,2213917,13.982521556656131
138,138,The University of Texas Health Science Center at San Antonio,San Antonio,TX,78229-3900,78229,Public,29.508107,-98.575655,785.0,,,,,,Bexar,67275,1977132,299972,1677160,15.172077534529812
139,139,The University of Texas Medical Branch at Galveston,Galveston,TX,77555-0129,77555,Public,29.310758,-94.775956,585.0,,,,,,Galveston,83913,344758,37987,306771,11.018453523921128
140,140,Texarkana College,Texarkana,TX,75599,75599,Public,33.441868,-94.078,1635.0,12984.0,,2476.0,5332.0,,Bowie,56628,86991,15117,71874,17.37765975790599
141,141,Texas A & M University-Kingsville,Kingsville,TX,78363,78363,Public,27.525168,-97.882387,4562.0,22081.0,,9892.0,25746.0,0.9655,Kleberg,52487,29068,8885,20183,30.566258428512455
142,142,Texas A & M University-College Station,College Station,TX,77843-1246,77843,Public,30.618726,-96.336475,56792.0,31451.0,,13239.0,40139.0,0.6265,Brazos,57562,216892,52720,164172,24.307028382789593
143,143,The University of Texas at Arlington,Arlington,TX,76013,76013,Public,32.729718,-97.11296,30503.0,24530.0,,11727.0,29299.0,0.808,Tarrant,78872,2083760,229643,1854117,11.02060697969056
144,144,The University of Texas at Austin,Austin,TX,78705,78705,Public,30.282825,-97.738273,40980.0,29361.0,,11698.0,41070.0,0.3135,Travis,92731,1262697,142451,1120246,11.281487165963014
145,145,The University of Texas at Dallas,Richardson,TX,75080-3021,75080,Public,32.984673,-96.749702,21586.0,28456.0,,14564.0,39776.0,0.8474,Dallas,70732,2573799,359882,2213917,13.982521556656131
146,146,The University of Texas at El Paso,El Paso,TX,79968-0691,79968,Public,31.77015,-106.504098,20123.0,19344.0,,9744.0,25152.0,0.9992,El Paso,55417,849872,165778,684094,19.50623152662989
147,147,The University of Texas at Tyler,Tyler,TX,75799-6699,75799,Public,32.315772,-95.254337,6568.0,22535.0,,9855.0,25693.0,0.9387,Smith,69053,228331,28799,199532,12.6128296201567
148,148,Texas Chiropractic College Foundation Inc,Pasadena,TX,77505-1699,77505,Private for Profit,29.663702,-95.150135,,,,,,,Harris,70789,4677056,737681,3939375,15.772336273074345
149,149,Texas Christian University,Fort Worth,TX,76129,76129,Private for Profit,32.70961,-97.364758,10510.0,71425.0,,53980.0,53980.0,0.561,Tarrant,78872,2083760,229643,1854117,11.02060697969056
150,150,Texas College,Tyler,TX,75702,75702,Private for Profit,32.37456,-95.312454,642.0,21437.0,,10008.0,10008.0,,Smith,69053,228331,28799,199532,12.6128296201567
151,151,University of North Texas Health Science Center,Fort Worth,TX,76107-2699,76107,Public,32.749907,-97.369138,5.0,,,,,,Tarrant,78872,2083760,229643,1854117,11.02060697969056
152,152,Texas Lutheran University,Seguin,TX,78155-5999,78155,Private for Profit,29.573261,-97.982669,1307.0,45182.0,,33920.0,33920.0,0.9183,Guadalupe,88111,171796,14956,156840,8.705674171692007
153,153,The University of Texas Permian Basin,Odessa,TX,79762-0001,79762,Public,31.889509,-102.329634,4060.0,22113.0,,9234.0,21474.0,0.9471,Ector,70566,160274,25297,134977,15.783595592547762
154,154,The University of Texas at San Antonio,San Antonio,TX,78249-1644,78249,Public,29.583709,-98.620657,29112.0,21660.0,,8945.0,21253.0,0.869,Bexar,67275,1977132,299972,1677160,15.172077534529812
155,155,Texas Southern University,Houston,TX,77004,77004,Public,29.721046,-95.361113,6830.0,24679.0,,9173.0,21413.0,0.968,Harris,70789,4677056,737681,3939375,15.772336273074345
156,156,Texas Tech University,Lubbock,TX,79409-5005,79409,Public,33.583448,-101.874783,32346.0,27249.0,,11852.0,24122.0,0.6734,Lubbock,61911,298979,51472,247507,17.215924864288127
157,157,Texas Wesleyan University,Fort Worth,TX,76105-1536,76105,Private for Profit,32.732962,-97.279613,1549.0,43598.0,,36128.0,36128.0,0.6093,Tarrant,78872,2083760,229643,1854117,11.02060697969056
158,158,Texas Woman's University,Denton,TX,76204,76204,Public,33.226211,-97.127842,8876.0,20019.0,,8311.0,18103.0,0.9363,Denton,104180,903074,66977,836097,7.416557225653711
159,159,Trinity University,San Antonio,TX,78212-7200,78212,Private for Profit,29.462682,-98.48186,2491.0,63684.0,,49264.0,49264.0,0.3051,Bexar,67275,1977132,299972,1677160,15.172077534529812
160,160,The University of Texas Health Science Center at Houston,Houston,TX,77030,77030,Public,29.702873,-95.403183,554.0,,,,,,Harris,70789,4677056,737681,3939375,15.772336273074345
161,161,Texas Tech University Health Sciences Center,Lubbock,TX,79430,79430,Public,33.589284,-101.891915,1448.0,,,,,,Lubbock,61911,298979,51472,247507,17.215924864288127
162,162,Tyler Junior College,Tyler,TX,75701,75701,Public,32.33601,-95.284122,9045.0,16240.0,,2962.0,5482.0,,Smith,69053,228331,28799,199532,12.6128296201567
163,163,Universal Technical Institute of Texas Inc.,Houston,TX,77073,77073,Private Non-Profit,29.990487,-95.412113,1845.0,,24601.0,,,,Harris,70789,4677056,737681,3939375,15.772336273074345
164,164,UCAS University of Cosmetology Arts & Sciences-McAllen,McAllen,TX,78504,78504,Private Non-Profit,26.279439,-98.21787,124.0,,18202.0,,,,Hidalgo,49371,863824,239276,624548,27.69962399748097
165,165,Vernon College,Vernon,TX,76384-4092,76384,Public,34.159298,-99.319094,1937.0,13316.0,,4080.0,6480.0,,Wilbarger,50769,12200,2244,9956,18.393442622950825
166,166,Victoria Beauty & Barber College,Victoria,TX,77901-6233,77901,Private Non-Profit,28.807928,-96.990854,94.0,,17475.0,,,,Victoria,66308,89351,14870,74481,16.642231200546163
167,167,Victoria College,Victoria,TX,77901,77901,Public,28.816446,-96.979226,2346.0,10922.0,,2712.0,5112.0,,Victoria,66308,89351,14870,74481,16.642231200546163
168,168,Vogue College of Cosmetology-McAllen,McAllen,TX,78501-1945,78501,Private Non-Profit,26.232656,-98.223022,305.0,,30130.0,,,,Hidalgo,49371,863824,239276,624548,27.69962399748097
169,169,Wayland Baptist University,Plainview,TX,79072,79072,Private for Profit,34.187677,-101.730042,2138.0,34453.0,,22368.0,22368.0,0.6972,Hale,50721,30229,5596,24633,18.512024876773957
170,170,Weatherford College,Weatherford,TX,76086-5699,76086,Public,32.74133,-97.792629,3604.0,14900.0,,4020.0,8610.0,,Parker,95721,149019,11791,137228,7.912413853267034
171,171,West Texas A & M University,Canyon,TX,79016-0001,79016,Public,34.982789,-101.914736,6828.0,22672.0,,9101.0,10996.0,0.9163,Randall,78038,138573,13072,125501,9.433295086344382
172,172,Western Texas College,Snyder,TX,79549,79549,Public,32.678458,-100.914945,487.0,11535.0,,3030.0,5460.0,,Scurry,58932,14862,1757,13105,11.822096622258108
173,173,Wharton County Junior College,Wharton,TX,77488,77488,Public,29.3238,-96.085815,4757.0,10303.0,,2520.0,5048.0,,Wharton,59712,40955,5998,34957,14.645342449029425
174,174,Wiley College,Marshall,TX,75670,75670,Private for Profit,32.537641,-94.376814,698.0,20235.0,,13500.0,13500.0,,Harrison,63427,66994,10946,56048,16.338776606860318
175,175,Parker University,Dallas,TX,75229-5668,75229,Private for Profit,32.880335,-96.893564,411.0,31277.0,,15718.0,15718.0,,Dallas,70732,2573799,359882,2213917,13.982521556656131
176,176,Houston Graduate School of Theology,Houston,TX,77035-3602,77035,Private for Profit,29.673594,-95.448846,,,,,,,Harris,70789,4677056,737681,3939375,15.772336273074345
177,177,Palo Alto College,San Antonio,TX,78224-2499,78224,Public,29.322955,-98.543468,7756.0,10756.0,,3262.0,14272.0,,Bexar,67275,1977132,299972,1677160,15.172077534529812
178,178,Sebring Career Schools-Huntsville,Huntsville,TX,77340,77340,Private Non-Profit,30.702549,-95.549878,15.0,,23160.0,,,,Walker,47193,60850,11841,49009,19.45932621199671
179,179,UCAS University of Cosmetology Arts & Sciences-San Antonio 410,San Antonio,TX,78201,78201,Private Non-Profit,29.493246,-98.551137,68.0,,21963.0,,,,Bexar,67275,1977132,299972,1677160,15.172077534529812
180,180,Central Texas Beauty College-Round Rock,Round Rock,TX,78664-4604,78664,Private Non-Profit,30.520723,-97.685077,106.0,,12540.0,,,,Williamson,102851,612543,38840,573703,6.340779341205434
181,181,Collin County Community College District,McKinney,TX,75069,75069,Public,33.16241,-96.63894,25111.0,13193.0,,1864.0,5614.0,,Collin,113255,1071135,67718,1003417,6.322078916289731
182,182,Ogle School Hair Skin Nails-Hurst,Hurst,TX,76053-4650,76053,Private Non-Profit,32.822035,-97.201403,227.0,,23076.0,,,,Tarrant,78872,2083760,229643,1854117,11.02060697969056
183,183,Paul Mitchell the School-Houston,Houston,TX,77043,77043,Private Non-Profit,29.785868,-95.559723,330.0,,22573.0,,,,Harris,70789,4677056,737681,3939375,15.772336273074345
184,184,Commonwealth Institute of Funeral Service,Houston,TX,77090-5918,77090,Private for Profit,29.989545,-95.430153,275.0,35230.0,,15313.0,15313.0,,Harris,70789,4677056,737681,3939375,15.772336273074345
185,185,Interactive College of Technology,Houston,TX,77063,77063,Private Non-Profit,29.734143,-95.539975,90.0,19325.0,,10730.0,10730.0,,Harris,70789,4677056,737681,3939375,15.772336273074345
186,186,Seguin Beauty School-New Braunfels,New Braunfels,TX,78130,78130,Private Non-Profit,29.70187,-98.125943,0.0,,21360.0,,,,Comal,93744,163887,9998,153889,6.100544887635993
187,187,Northwest Educational Center,Houston,TX,77092,77092,Private Non-Profit,29.813796,-95.473149,69.0,,16558.0,,,,Harris,70789,4677056,737681,3939375,15.772336273074345
188,188,PCI Health Training Center,Dallas,TX,75247-4720,75247,Private Non-Profit,32.82007,-96.876316,282.0,,22633.0,,,,Dallas,70732,2573799,359882,2213917,13.982521556656131
189,189,Remington College-Fort Worth Campus,Fort Worth,TX,76112-1225,76112,Private for Profit,32.776152,-97.213702,181.0,29995.0,,19258.0,19258.0,,Tarrant,78872,2083760,229643,1854117,11.02060697969056
190,190,UCAS University of Cosmetology Arts & Sciences,San Antonio,TX,78214,78214,Private Non-Profit,29.354354,-98.484836,28.0,,,,,,Bexar,67275,1977132,299972,1677160,15.172077534529812
191,191,School of Automotive Machinists & Technology,Houston,TX,77055-1803,77055,Private Non-Profit,29.805166,-95.476017,125.0,,30723.0,,,0.7705,Harris,70789,4677056,737681,3939375,15.772336273074345
192,192,Nuvani Institute,San Antonio,TX,78212-1901,78212,Private Non-Profit,29.457062,-98.498977,17.0,,24600.0,,,,Bexar,67275,1977132,299972,1677160,15.172077534529812
193,193,Nuvani Institute,Eagle Pass,TX,78852-4859,78852,Private Non-Profit,28.707864,-100.506009,71.0,,24022.0,,,,Maverick,48497,57490,13473,44017,23.435380066098453
194,194,Texas College of Cosmetology-Abilene,Abilene,TX,79605,79605,Private Non-Profit,32.448891,-99.747159,75.0,,21619.0,,,,Taylor,61806,136790,19947,116843,14.582206301630237
195,195,College of Health Care Professions,Houston,TX,77054,77054,Private Non-Profit,29.678462,-95.420012,365.0,,31685.0,,,,Harris,70789,4677056,737681,3939375,15.772336273074345
196,196,Center for Advanced Legal Studies,Houston,TX,77042-1912,77042,Private Non-Profit,29.75302,-95.558831,218.0,,16859.0,,,,Harris,70789,4677056,737681,3939375,15.772336273074345
197,197,Houston Training School-Main Campus,Houston,TX,77029,77029,Private Non-Profit,29.77291,-95.24417,268.0,,11503.0,,,,Harris,70789,4677056,737681,3939375,15.772336273074345
198,198,Ogle School Hair Skin Nails-Dallas,Dallas,TX,75214-2389,75214,Private Non-Profit,32.836833,-96.754693,390.0,,23597.0,,,,Dallas,70732,2573799,359882,2213917,13.982521556656131
199,199,Southwest College for the Deaf,Big Spring,TX,79720-7298,79720,Public,32.226498,-101.50294,54.0,14324.0,,2720.0,14000.0,,Howard,67243,30537,4428,26109,14.500442086648984
200,200,Central Texas Beauty College-Temple,Temple,TX,76504-6948,76504,Private Non-Profit,31.084871,-97.379234,134.0,,12265.0,,,,Bell,62858,360787,52988,307799,14.68678195167786
201,201,College of Biblical Studies-Houston,Houston,TX,77036-3211,77036,Private for Profit,29.716676,-95.506559,205.0,16729.0,,7475.0,9275.0,,Harris,70789,4677056,737681,3939375,15.772336273074345
202,202,The College of Health Care Professions-Northwest,Houston,TX,77092,77092,Private Non-Profit,29.836247,-95.485204,3201.0,,36625.0,,,,Harris,70789,4677056,737681,3939375,15.772336273074345
203,203,Fortis College,Houston,TX,77082,77082,Private Non-Profit,29.732861,-95.64832,258.0,,34707.0,,,,Harris,70789,4677056,737681,3939375,15.772336273074345
204,204,Tri-State Cosmetology Institute,El Paso,TX,79935,79935,Private Non-Profit,31.749969,-106.3372,146.0,,20788.0,,,,El Paso,55417,849872,165778,684094,19.50623152662989
205,205,Southern Careers Institute-Corpus Christi,Corpus Christi,TX,78414,78414,Private Non-Profit,27.68504,-97.363145,470.0,,28423.0,,,,Nueces,64027,345480,59784,285696,17.30461965960403
206,206,Galen College of Nursing-San Antonio,San Antonio,TX,78229,78229,Private Non-Profit,29.507685,-98.585653,3163.0,,,,,,Bexar,67275,1977132,299972,1677160,15.172077534529812
207,207,UCAS University of Cosmetology Arts & Sciences-Harlingen,Harlingen,TX,78550-5034,78550,Private Non-Profit,26.20168,-97.684044,60.0,,21292.0,,,,Cameron,47435,418955,106182,312773,25.34448807151126
208,208,Southern Careers Institute-Pharr,Pharr,TX,78577,78577,Private Non-Profit,26.211217,-98.201038,645.0,,28830.0,,,,Hidalgo,49371,863824,239276,624548,27.69962399748097
209,209,South Texas College,McAllen,TX,78501,78501,Public,26.217591,-98.253634,17846.0,7764.0,,4230.0,7500.0,,Hidalgo,49371,863824,239276,624548,27.69962399748097
210,210,Baldwin Beauty School-North Austin,Austin,TX,78757-7068,78757,Private Non-Profit,30.365855,-97.729371,105.0,,19281.0,,,,Travis,92731,1262697,142451,1120246,11.281487165963014
211,211,The University of Texas MD Anderson Cancer Center,Houston,TX,77030-4009,77030,Public,29.707016,-95.396804,337.0,,,,,,Harris,70789,4677056,737681,3939375,15.772336273074345
212,212,Messenger College,Bedford,TX,76021,76021,Private for Profit,32.85076,-97.161015,19.0,23025.0,,11040.0,11040.0,0.5,Tarrant,78872,2083760,229643,1854117,11.02060697969056
213,213,Pipo Academy of Hair Design,El Paso,TX,79903,79903,Private Non-Profit,31.78446,-106.459711,14.0,,10864.0,,,,El Paso,55417,849872,165778,684094,19.50623152662989
214,214,Tint School of Makeup and Cosmetology-Dallas,Grand Prairie,TX,75051,75051,Private Non-Profit,32.708337,-97.001678,103.0,,23322.0,,,,Dallas,70732,2573799,359882,2213917,13.982521556656131
215,215,Texas College of Cosmetology-San Angelo,San Angelo,TX,76904,76904,Private Non-Profit,31.420928,-100.47194,85.0,,21466.0,,,,Tom Green,67215,113564,13332,100232,11.73963580007749
216,216,Northwest Vista College,San Antonio,TX,78251,78251,Public,29.471308,-98.70513,12964.0,11019.0,,3262.0,14272.0,,Bexar,67275,1977132,299972,1677160,15.172077534529812
217,217,Bakke Graduate University,Dallas,TX,75243-7039,75243,Private for Profit,32.894605,-96.753976,,,,,,,Dallas,70732,2573799,359882,2213917,13.982521556656131
218,218,Mid Cities Barber College,Grand Prairie,TX,75051-4892,75051,Private Non-Profit,32.710329,-97.006955,32.0,,15628.0,,,,Dallas,70732,2573799,359882,2213917,13.982521556656131
219,219,American College of Acupuncture and Oriental Med,Houston,TX,77063-4104,77063,Private Non-Profit,29.735747,-95.524765,,,,,,,Harris,70789,4677056,737681,3939375,15.772336273074345
220,220,AOMA Graduate School of Integrative Medicine,Austin,TX,78745,78745,Private Non-Profit,30.228551,-97.800643,,,,,,,Travis,92731,1262697,142451,1120246,11.281487165963014
221,221,Southern Careers Institute-San Antonio,San Antonio,TX,78221,78221,Private Non-Profit,29.355774,-98.494238,611.0,,27171.0,,,,Bexar,67275,1977132,299972,1677160,15.172077534529812
222,222,Texas Health and Science University,Austin,TX,78704,78704,Private Non-Profit,30.233143,-97.785289,23.0,,,,,,Travis,92731,1262697,142451,1120246,11.281487165963014
223,223,International Beauty College,Garland,TX,75040-3294,75040,Private Non-Profit,32.945805,-96.645638,68.0,,18750.0,,,,Dallas,70732,2573799,359882,2213917,13.982521556656131
224,224,CET-El Paso,El Paso,TX,79907,79907,Private for Profit,31.696199,-106.323115,72.0,,21925.0,,,,El Paso,55417,849872,165778,684094,19.50623152662989
225,225,Academy of Hair Design-Lufkin,Lufkin,TX,75904,75904,Private Non-Profit,31.330724,-94.718704,82.0,,17194.0,,,,Angelina,57055,84075,13536,70539,16.09991079393399
226,226,Pathway Vocational Academy,Beaumont,TX,77701-4650,77701,Private Non-Profit,30.067103,-94.122709,49.0,,22324.0,,,,Jefferson,57294,239089,43498,195591,18.193225117006637
227,227,Toni & Guy Hairdressing Academy-Plano,Plano,TX,75093,75093,Private Non-Profit,33.026159,-96.797544,113.0,,26242.0,,,,Collin,113255,1071135,67718,1003417,6.322078916289731
228,228,Advanced Barber College and Hair Design,Weslaco,TX,78596,78596,Private Non-Profit,26.131543,-97.958247,134.0,,26642.0,,,,Hidalgo,49371,863824,239276,624548,27.69962399748097
229,229,The College of Health Care Professions-Austin,Austin,TX,78723,78723,Private Non-Profit,30.322978,-97.699064,697.0,,33631.0,,,,Travis,92731,1262697,142451,1120246,11.281487165963014
230,230,Chicago School of Professional Psychology-College of Nursing,Richardson,TX,75080,75080,Private for Profit,32.979753,-96.75721,65.0,,31930.0,,,0.2717,Dallas,70732,2573799,359882,2213917,13.982521556656131
231,231,Milan Institute-San Antonio Ingram,San Antonio,TX,78238,78238,Private Non-Profit,29.463767,-98.624719,247.0,,29145.0,,,,Bexar,67275,1977132,299972,1677160,15.172077534529812
232,232,The King's University,Southlake,TX,76092,76092,Private for Profit,32.93973,-97.121526,255.0,27335.0,,12720.0,12720.0,0.9375,Tarrant,78872,2083760,229643,1854117,11.02060697969056
233,233,Interactive College of Technology,Pasadena,TX,77502,77502,Private Non-Profit,29.690435,-95.213765,51.0,19821.0,,10610.0,10610.0,,Harris,70789,4677056,737681,3939375,15.772336273074345
234,234,Milan Institute-Amarillo,Amarillo,TX,79106,79106,Private Non-Profit,35.185278,-101.916984,154.0,,31632.0,,,,Potter,47974,111208,23029,88179,20.708042586864252
235,235,Texas Barber College,Houston,TX,77036,77036,Private Non-Profit,29.69036,-95.532975,444.0,,20682.0,,,,Harris,70789,4677056,737681,3939375,15.772336273074345
236,236,Concorde Career College-Grand Prairie,Grand Prairie,TX,75052-3831,75052,Private Non-Profit,32.675369,-97.05498,849.0,,29812.0,,,1.0,Dallas,70732,2573799,359882,2213917,13.982521556656131
237,237,Lamar Institute of Technology,Beaumont,TX,77705,77705,Public,30.047885,-94.077126,2971.0,14150.0,,2844.0,12636.0,,Jefferson,57294,239089,43498,195591,18.193225117006637
238,238,Aviation Institute of Maintenance-Dallas,Irving,TX,75061,75061,Private Non-Profit,32.836068,-96.941822,406.0,28111.0,,16757.0,16757.0,,Dallas,70732,2573799,359882,2213917,13.982521556656131
239,239,Dallas Barber & Stylist College,Dallas,TX,75243,75243,Private Non-Profit,32.909891,-96.737009,24.0,,23156.0,,,,Dallas,70732,2573799,359882,2213917,13.982521556656131
240,240,Jay's Technical Institute,Houston,TX,77071,77071,Private Non-Profit,29.64877,-95.525281,52.0,,25478.0,,,,Harris,70789,4677056,737681,3939375,15.772336273074345
241,241,Trend Barber College,Houston,TX,77071-2202,77071,Private Non-Profit,29.65621,-95.522116,29.0,,19987.0,,,,Harris,70789,4677056,737681,3939375,15.772336273074345
242,242,Valley Grande Institute for Academic Studies,Weslaco,TX,78596,78596,Private for Profit,26.158256,-97.990391,229.0,,18418.0,,,,Hidalgo,49371,863824,239276,624548,27.69962399748097
243,243,Interactive College of Technology,Houston,TX,77060-2303,77060,Private Non-Profit,29.945555,-95.403559,48.0,19112.0,,10610.0,10610.0,,Harris,70789,4677056,737681,3939375,15.772336273074345
244,244,Baptist University of the Americas,San Antonio,TX,78224-1443,78224,Private for Profit,29.342919,-98.541223,108.0,13183.0,,6768.0,6768.0,,Bexar,67275,1977132,299972,1677160,15.172077534529812
245,245,Auguste Escoffier School of Culinary Arts-Austin,Austin,TX,78752,78752,Private Non-Profit,30.326455,-97.717865,437.0,,20061.0,,,,Travis,92731,1262697,142451,1120246,11.281487165963014
246,246,Culinary Institute Inc,Houston,TX,77022-4322,77022,Private Non-Profit,29.823623,-95.378633,336.0,33982.0,,17279.0,17279.0,,Harris,70789,4677056,737681,3939375,15.772336273074345
247,247,American InterContinental University-Houston,Houston,TX,77042,77042,Private Non-Profit,29.728216,-95.548302,122.0,24626.0,,14725.0,14725.0,,Harris,70789,4677056,737681,3939375,15.772336273074345
248,248,Remington College-North Houston Campus,Houston,TX,77067,77067,Private for Profit,29.946769,-95.424881,185.0,29173.0,,19518.0,19518.0,,Harris,70789,4677056,737681,3939375,15.772336273074345
249,249,Altierus Career College-Bissonnet,Houston,TX,77036-8001,77036,Private for Profit,29.677415,-95.544702,260.0,27840.0,,15822.0,15822.0,,Harris,70789,4677056,737681,3939375,15.772336273074345
250,250,Academy of Hair Design-Jasper,Jasper,TX,75951,75951,Private Non-Profit,30.908648,-94.004879,56.0,,16680.0,,,,Jasper,48818,31924,7291,24633,22.83861671469741
251,251,The College of Health Care Professions-Southwest Houston,Houston,TX,77074,77074,Private Non-Profit,29.701897,-95.517146,714.0,,34166.0,,,,Harris,70789,4677056,737681,3939375,15.772336273074345
252,252,Texas Health School,Houston,TX,77079,77079,Private Non-Profit,29.783709,-95.586269,109.0,,34294.0,,,,Harris,70789,4677056,737681,3939375,15.772336273074345
253,253,The College of Health Care Professions-San Antonio,San Antonio,TX,78229,78229,Private Non-Profit,29.488876,-98.576627,660.0,,31119.0,,,,Bexar,67275,1977132,299972,1677160,15.172077534529812
254,254,CCI Training Center-Arlington,Arlington,TX,76011,76011,Private Non-Profit,32.755006,-97.101289,187.0,,20782.0,,,,Tarrant,78872,2083760,229643,1854117,11.02060697969056
255,255,Champion Beauty College,Houston,TX,77068,77068,Private Non-Profit,29.99352,-95.489161,22.0,,19073.0,,,,Harris,70789,4677056,737681,3939375,15.772336273074345
256,256,Southeast Texas Career Institute,Silsbee,TX,77656,77656,Private Non-Profit,30.341896,-94.169885,71.0,,20076.0,,,,Hardin,70164,55766,7506,48260,13.459814223720546
257,257,Milan Institute of Cosmetology-San Antonio Military,San Antonio,TX,78221,78221,Private Non-Profit,29.358241,-98.500738,164.0,,22680.0,,,,Bexar,67275,1977132,299972,1677160,15.172077534529812
258,258,Brite Divinity School,Fort Worth,TX,76129,76129,Private for Profit,32.710145,-97.359137,,,,,,,Tarrant,78872,2083760,229643,1854117,11.02060697969056
259,259,Trend Barber College,Houston,TX,77090,77090,Private Non-Profit,29.982205,-95.435485,84.0,,21305.0,,,,Harris,70789,4677056,737681,3939375,15.772336273074345
260,260,Manuel and Theresa's School of Hair Design-Bryan,Bryan,TX,77803,77803,Private Non-Profit,30.667077,-96.370573,16.0,,16700.0,,,,Brazos,57562,216892,52720,164172,24.307028382789593
261,261,Southwest University at El Paso,El Paso,TX,79925,79925,Private Non-Profit,31.788346,-106.413158,1596.0,24000.0,,16000.0,16000.0,,El Paso,55417,849872,165778,684094,19.50623152662989
262,262,Paul Mitchell the School-Austin,Austin,TX,78759,78759,Private Non-Profit,30.386375,-97.740293,181.0,,26518.0,,,,Travis,92731,1262697,142451,1120246,11.281487165963014
263,263,Paul Mitchell the School-San Antonio,San Antonio,TX,78259,78259,Private Non-Profit,29.610611,-98.465779,292.0,,26612.0,,,,Bexar,67275,1977132,299972,1677160,15.172077534529812
264,264,The Art Institute of Austin,Bastrop,TX,78602,78602,Private Non-Profit,30.110905,-97.313486,78.0,44078.0,,20794.0,20794.0,,Bastrop,80151,95924,11454,84470,11.940703056586464
265,265,Remington College-Houston Southeast Campus,Webster,TX,77598,77598,Private for Profit,29.52528,-95.123503,63.0,31964.0,,13401.0,13401.0,,Harris,70789,4677056,737681,3939375,15.772336273074345
266,266,Hands on Therapy,Mesquite,TX,75149,75149,Private Non-Profit,32.787719,-96.60627,50.0,,21713.0,,,,Dallas,70732,2573799,359882,2213917,13.982521556656131
267,267,MediaTech Institute-Dallas,Dallas,TX,75234,75234,Private Non-Profit,32.92427,-96.902721,204.0,,24368.0,,,,Dallas,70732,2573799,359882,2213917,13.982521556656131
268,268,Aveda Arts & Sciences Institute-San Antonio,San Antonio,TX,78259-2792,78259,Private Non-Profit,29.637354,-98.452126,225.0,,23292.0,,,,Bexar,67275,1977132,299972,1677160,15.172077534529812
269,269,South Texas Training Center,San Benito,TX,78586,78586,Private Non-Profit,26.156604,-97.652989,160.0,14714.0,,12370.0,12370.0,,Cameron,47435,418955,106182,312773,25.34448807151126
270,270,MediaTech Institute-Houston,Houston,TX,77042,77042,Private Non-Profit,29.724809,-95.568341,73.0,,24023.0,,,,Harris,70789,4677056,737681,3939375,15.772336273074345
271,271,Lamson Institute,San Antonio,TX,78238,78238,Private Non-Profit,29.481426,-98.607504,390.0,,28323.0,,,,Bexar,67275,1977132,299972,1677160,15.172077534529812
272,272,South Texas Vocational Technical Institute-Brownsville,Brownsville,TX,78521,78521,Private Non-Profit,25.944046,-97.502052,247.0,,26257.0,,,,Cameron,47435,418955,106182,312773,25.34448807151126
273,273,Miller-Motte College-STVT-Corpus Christi,Corpus Christi,TX,78416,78416,Private Non-Profit,27.739649,-97.433269,320.0,,26807.0,,,,Nueces,64027,345480,59784,285696,17.30461965960403
274,274,Houston International College Cardiotech Ultrasound School,Houston,TX,77099,77099,Private Non-Profit,29.675203,-95.592909,41.0,25943.0,,11978.0,11978.0,1.0,Harris,70789,4677056,737681,3939375,15.772336273074345
275,275,DuVall's School of Cosmetology,Bedford,TX,76021,76021,Private Non-Profit,32.852275,-97.168105,90.0,,23403.0,,,,Tarrant,78872,2083760,229643,1854117,11.02060697969056
276,276,Texas Beauty College,Haltom city,TX,76117,76117,Private Non-Profit,32.826045,-97.265311,68.0,,9176.0,,,,Tarrant,78872,2083760,229643,1854117,11.02060697969056
277,277,Avenue Five Institute,Austin,TX,78757,78757,Private Non-Profit,30.369503,-97.728961,270.0,,28922.0,,,,Travis,92731,1262697,142451,1120246,11.281487165963014
278,278,The Salon Professional Academy-Lewisville,Lewisville,TX,75067,75067,Private Non-Profit,33.005024,-96.964907,120.0,,22626.0,,,,Denton,104180,903074,66977,836097,7.416557225653711
279,279,Strayer University-Texas,Farmers Branch,TX,75234,75234,Private Non-Profit,32.910744,-96.887509,2251.0,23985.0,,13515.0,13515.0,,Dallas,70732,2573799,359882,2213917,13.982521556656131
280,280,The Art Institute of San Antonio,San Antonio,TX,78230,78230,Private Non-Profit,29.532925,-98.56556,180.0,39220.0,,20794.0,20794.0,,Bexar,67275,1977132,299972,1677160,15.172077534529812
281,281,Peloton College,Dallas,TX,75206,75206,Private Non-Profit,32.861997,-96.769353,75.0,,20801.0,,,,Dallas,70732,2573799,359882,2213917,13.982521556656131
282,282,ABC Beauty Academy,Richardson,TX,75081,75081,Private Non-Profit,32.931698,-96.685333,64.0,,13061.0,,,,Dallas,70732,2573799,359882,2213917,13.982521556656131
283,283,Salon & Spa Institute,Brownsville,TX,78520-8809,78520,Private Non-Profit,25.938911,-97.508606,99.0,,35798.0,,,,Cameron,47435,418955,106182,312773,25.34448807151126
284,284,Texas A&M University-San Antonio,San Antonio,TX,78224,78224,Public,29.304762,-98.52417,6404.0,22127.0,,9548.0,22764.0,0.9609,Bexar,67275,1977132,299972,1677160,15.172077534529812
285,285,Fortis Institute,Houston,TX,77060,77060,Private Non-Profit,29.93744,-95.395051,295.0,,26127.0,,,,Harris,70789,4677056,737681,3939375,15.772336273074345
286,286,Southern Careers Institute-Brownsville,Brownsville,TX,78520,78520,Private Non-Profit,25.936988,-97.501124,618.0,,19876.0,,,,Cameron,47435,418955,106182,312773,25.34448807151126
287,287,Southern Careers Institute-Harlingen,Harlingen,TX,78550,78550,Private Non-Profit,26.20385,-97.675281,508.0,,26393.0,,,,Cameron,47435,418955,106182,312773,25.34448807151126
288,288,Pima Medical Institute-Houston,Houston,TX,77041,77041,Private Non-Profit,29.838306,-95.562287,892.0,,28488.0,,,,Harris,70789,4677056,737681,3939375,15.772336273074345
289,289,Miller-Motte College-STVT-San Antonio,San Antonio,TX,78216,78216,Private Non-Profit,29.35599,-98.4891,557.0,,25797.0,,,,Bexar,67275,1977132,299972,1677160,15.172077534529812
290,290,Concorde Career College-Dallas,Dallas,TX,75243,75243,Private Non-Profit,32.91856,-96.741711,615.0,,26986.0,,,0.9455,Dallas,70732,2573799,359882,2213917,13.982521556656131
291,291,Concorde Career College-San Antonio,San Antonio,TX,78229,78229,Private Non-Profit,29.49003,-98.582351,521.0,,29048.0,,,1.0,Bexar,67275,1977132,299972,1677160,15.172077534529812
292,292,Milan Institute of Cosmetology-El Paso,El Paso,TX,79936,79936,Private Non-Profit,31.749325,-106.300156,293.0,,30625.0,,,,El Paso,55417,849872,165778,684094,19.50623152662989
293,293,Universal Technical Institute-Dallas Fort Worth,Irving,TX,75063,75063,Private Non-Profit,32.93806,-97.012741,1727.0,,29435.0,,,,Dallas,70732,2573799,359882,2213917,13.982521556656131
294,294,Ogle School Hair Skin Nails-North Dallas,Dallas,TX,75248-1216,75248,Private Non-Profit,32.984161,-96.803615,298.0,,23622.0,,,,Dallas,70732,2573799,359882,2213917,13.982521556656131
295,295,Diamonds College,Sherman,TX,75090-2657,75090,Private Non-Profit,33.673442,-96.606125,55.0,,22239.0,,,,Grayson,66608,134425,15361,119064,11.427189882834297
296,296,Buckner Barber School,Dallas,TX,75217-1775,75217,Private Non-Profit,32.737175,-96.684709,30.0,,28791.0,,,,Dallas,70732,2573799,359882,2213917,13.982521556656131
297,297,North American University,Stafford,TX,77477-0000,77477,Private for Profit,29.646303,-95.588338,453.0,22520.0,,12300.0,12300.0,,Fort Bend,109987,825704,57188,768516,6.925968627982909
298,298,Chamberlain University-Texas,Houston,TX,77041,77041,Private Non-Profit,29.838386,-95.560414,2167.0,35342.0,,19629.0,19629.0,0.8571,Harris,70789,4677056,737681,3939375,15.772336273074345
299,299,Manuel and Theresa's School of Hair Design-Victoria,Victoria,TX,77902-7076,77902,Private Non-Profit,28.799901,-96.991589,15.0,,16913.0,,,,Victoria,66308,89351,14870,74481,16.642231200546163
300,300,Paul Mitchell the School-Arlington,Arlington,TX,76018-6032,76018,Private Non-Profit,32.680899,-97.107997,264.0,,28483.0,,,,Tarrant,78872,2083760,229643,1854117,11.02060697969056
301,301,Criswell College,Dallas,TX,75246-1537,75246,Private for Profit,32.793513,-96.77669,121.0,24744.0,,13350.0,13350.0,1.0,Dallas,70732,2573799,359882,2213917,13.982521556656131
302,302,UCAS University of Cosmetology Arts & Sciences-La Joya,La Joya,TX,78560-4018,78560,Private Non-Profit,26.24605,-98.468021,55.0,,21733.0,,,,Hidalgo,49371,863824,239276,624548,27.69962399748097
303,303,Vogue College of Cosmetology-San Antonio Fredericksburg,San Antonio,TX,78201-5035,78201,Private Non-Profit,29.462345,-98.523455,109.0,,30310.0,,,,Bexar,67275,1977132,299972,1677160,15.172077534529812
304,304,Vogue College of Cosmetology,San Antonio,TX,78238-4402,78238,Private Non-Profit,29.465563,-98.602991,105.0,,,,,,Bexar,67275,1977132,299972,1677160,15.172077534529812
305,305,Rio Grande Valley College,Pharr,TX,78577-2106,78577,Private Non-Profit,26.24215,-98.177978,513.0,,26421.0,,,,Hidalgo,49371,863824,239276,624548,27.69962399748097
306,306,Wade Gordon Hairdressing Academy,Amarillo,TX,79109,79109,Private Non-Profit,35.186494,-101.873963,162.0,,29700.0,,,,Randall,78038,138573,13072,125501,9.433295086344382
307,307,West Coast University-Dallas,Richardson,TX,75080-2712,75080,Private Non-Profit,32.98221,-96.716284,975.0,29530.0,,17090.0,17090.0,,Dallas,70732,2573799,359882,2213917,13.982521556656131
308,308,Ogle School Hair Skin Nails-Denton,Denton,TX,76205-7534,76205,Private Non-Profit,33.192334,-97.113213,164.0,,23650.0,,,,Denton,104180,903074,66977,836097,7.416557225653711
309,309,South University-Austin,Round Rock,TX,78681-2300,78681,Private Non-Profit,30.479474,-97.689972,288.0,33088.0,,17014.0,17014.0,,Williamson,102851,612543,38840,573703,6.340779341205434
310,310,Ogle School Hair Skin Nails-San Antonio,San Antonio,TX,78216,78216,Private Non-Profit,29.518311,-98.503686,448.0,,22947.0,,,,Bexar,67275,1977132,299972,1677160,15.172077534529812
311,311,The College of Health Care Professions-Dallas,Dallas,TX,75247,75247,Private Non-Profit,32.830186,-96.875021,545.0,,32122.0,,,,Dallas,70732,2573799,359882,2213917,13.982521556656131
312,312,The College of Health Care Professions-Fort Worth,Fort Worth,TX,76137-5021,76137,Private Non-Profit,32.816901,-97.311645,832.0,,32774.0,,,,Tarrant,78872,2083760,229643,1854117,11.02060697969056
313,313,CyberTex Institute of Technology,Austin,TX,78752,78752,Private Non-Profit,30.324403,-97.70303,171.0,,26869.0,,,,Travis,92731,1262697,142451,1120246,11.281487165963014
314,314,M T Training Center,Grand Prairie,TX,75051,75051,Private Non-Profit,32.72,-97.042564,199.0,,20179.0,,,,Dallas,70732,2573799,359882,2213917,13.982521556656131
315,315,Southern Texas Careers Academy,McAllen,TX,78504-2569,78504,Private Non-Profit,26.238609,-98.207283,48.0,,20705.0,,,,Hidalgo,49371,863824,239276,624548,27.69962399748097
316,316,Grace School of Theology,Conroe,TX,77384-4894,77384,Private for Profit,30.205731,-95.472493,184.0,23565.0,,6760.0,6760.0,,Montgomery,95946,626227,55202,571025,8.815014363800985
317,317,Southern Careers Institute-San Antonio,San Antonio,TX,78238-4114,78238,Private Non-Profit,29.4585,-98.627397,772.0,,27367.0,,,,Bexar,67275,1977132,299972,1677160,15.172077534529812
318,318,Cosmetology Academy of Texarkana,Texarkana,TX,75503,75503,Private Non-Profit,33.457096,-94.132583,64.0,,18015.0,,,,Bowie,56628,86991,15117,71874,17.37765975790599
319,319,DeVry University-Texas,Irving,TX,75063,75063,Private Non-Profit,32.934524,-97.012494,84.0,33242.0,,17488.0,17488.0,0.0,Dallas,70732,2573799,359882,2213917,13.982521556656131
320,320,Alamo City Barber College,San Antonio,TX,78250-3227,78250,Private Non-Profit,29.52717,-98.639532,145.0,,16519.0,,,,Bexar,67275,1977132,299972,1677160,15.172077534529812
321,321,Texas A&M University-Central Texas,Killeen,TX,76549,76549,Public,31.053407,-97.775182,1706.0,11349.0,,6627.0,16419.0,0.9571,Bell,62858,360787,52988,307799,14.68678195167786
322,322,Neecee's Barber College,Abilene,TX,79602,79602,Private Non-Profit,32.400984,-99.745008,31.0,,23230.0,,,,Taylor,61806,136790,19947,116843,14.582206301630237
323,323,Bella Cosmetology and Barber College,Greenville,TX,75402,75402,Private Non-Profit,33.119725,-96.107802,58.0,,29486.0,,,,Hunt,66885,98688,12082,86606,12.242623216601816
324,324,Total Transformation Institute of Cosmetology,San Marcos,TX,78666-8115,78666,Private Non-Profit,29.882696,-97.920002,70.0,,31180.0,,,,Hays,79990,237907,30750,207157,12.925218677886738
325,325,Barber Institute of Texas,Longview,TX,75602-3456,75602,Private Non-Profit,32.46297,-94.732635,63.0,,21951.0,,,,Gregg,63811,120323,19907,100416,16.544634026744678
326,326,Yahweh Beauty Academy,Killeen,TX,76543-4153,76543,Private Non-Profit,31.112893,-97.700269,33.0,,19781.0,,,,Bell,62858,360787,52988,307799,14.68678195167786
327,327,Ogle School Hair Skin Nails-Stafford,Stafford,TX,77477,77477,Private Non-Profit,29.63502,-95.588371,452.0,,24641.0,,,,Fort Bend,109987,825704,57188,768516,6.925968627982909
328,328,University of Phoenix-Texas,Houston,TX,77079,77079,Private Non-Profit,29.7837,-95.585258,54.0,,,,,,Harris,70789,4677056,737681,3939375,15.772336273074345
329,329,University of North Texas at Dallas,Dallas,TX,75241,75241,Public,32.659588,-96.803446,2923.0,20965.0,,9518.0,21758.0,0.9361,Dallas,70732,2573799,359882,2213917,13.982521556656131
330,330,Houston Training Schools-Gessner,Houston,TX,77063-0000,77063,Private Non-Profit,29.72401,-95.540324,193.0,,11641.0,,,,Harris,70789,4677056,737681,3939375,15.772336273074345
331,331,The Vocational Nursing Institute Inc,Houston,TX,77065,77065,Private for Profit,29.903883,-95.587085,35.0,,60371.0,,,1.0,Harris,70789,4677056,737681,3939375,15.772336273074345
332,332,Salon Boutique Academy,Addison,TX,75001-4399,75001,Private Non-Profit,32.954908,-96.841676,156.0,,24989.0,,,,Dallas,70732,2573799,359882,2213917,13.982521556656131
333,333,GA Beauty & Barber School,McAllen,TX,78501-3309,78501,Private Non-Profit,26.237585,-98.257166,229.0,,29765.0,,,,Hidalgo,49371,863824,239276,624548,27.69962399748097
334,334,The Recording Conservatory of Austin,Austin,TX,78730-3004,78730,Private Non-Profit,30.360236,-97.831161,82.0,,27082.0,,,,Travis,92731,1262697,142451,1120246,11.281487165963014
335,335,Laredo CHI Academy Beauty School,Laredo,TX,78041-6540,78041,Private Non-Profit,27.575732,-99.467036,57.0,,16046.0,,,,Webb,59984,264040,56471,207569,21.38728980457506
336,336,Cortiva Institute-Arlington,Arlington,TX,76017-5818,76017,Private Non-Profit,32.6769,-97.119031,108.0,,24269.0,,,,Tarrant,78872,2083760,229643,1854117,11.02060697969056
337,337,Tulsa Welding School-Houston,Houston,TX,77060-2100,77060,Private Non-Profit,29.950897,-95.413192,1529.0,,35430.0,,,,Harris,70789,4677056,737681,3939375,15.772336273074345
338,338,Pima Medical Institute-El Paso,El Paso,TX,79915-1525,79915,Private Non-Profit,31.773629,-106.383883,673.0,,26682.0,,,,El Paso,55417,849872,165778,684094,19.50623152662989
339,339,Wade Gordon Hairdressing Academy-Lubbock,Lubbock,TX,79423-2125,79423,Private Non-Profit,33.524818,-101.869638,70.0,,22958.0,,,,Lubbock,61911,298979,51472,247507,17.215924864288127
340,340,Texas College of Cosmetology-Lubbock,Lubbock,TX,79414-2532,79414,Private Non-Profit,33.561435,-101.924031,106.0,,21321.0,,,,Lubbock,61911,298979,51472,247507,17.215924864288127
341,341,Texas State Technical College,Waco,TX,76705,76705,Public,31.639295,-97.08471,8775.0,21059.0,,6969.0,11435.0,,McLennan,59781,250840,44851,205989,17.88032211768458
342,342,Florida Career College-Houston,Houston,TX,77090-1111,77090,Private Non-Profit,30.022309,-95.431325,1029.0,,39875.0,,,,Harris,70789,4677056,737681,3939375,15.772336273074345
343,343,Natural Images Beauty College,Clute,TX,77531-3603,77531,Private Non-Profit,29.026275,-95.400805,62.0,,29398.0,,,,Brazoria,91972,362047,27271,334776,7.532447444668786
344,344,Mission Beauty Institute,Mission,TX,78572-4404,78572,Private Non-Profit,26.213855,-98.31205,47.0,,12728.0,,,,Hidalgo,49371,863824,239276,624548,27.69962399748097
345,345,Northeast Lakeview College,Universal City,TX,78145,78145,Public,29.545802,-98.323246,5277.0,10957.0,,3262.0,14272.0,,Bee,50283,23560,4703,18857,19.961799660441425
346,346,Paul Mitchell the School-Clear Lake,Webster,TX,77598-0000,77598,Private Non-Profit,29.527723,-95.126497,136.0,,22284.0,,,,Harris,70789,4677056,737681,3939375,15.772336273074345
347,347,The College of Health Care Professions-McAllen Campus,McAllen,TX,78504-4398,78504,Private Non-Profit,26.239856,-98.234872,670.0,,29890.0,,,,Hidalgo,49371,863824,239276,624548,27.69962399748097
348,348,Ann Webb Skin Institute,Austin,TX,78759-3936,78759,Private Non-Profit,30.419687,-97.751895,167.0,,24689.0,,,,Travis,92731,1262697,142451,1120246,11.281487165963014
349,349,Allgood Beauty Institute,Frisco,TX,75033-4112,75033,Private Non-Profit,33.15731,-96.804131,21.0,,29273.0,,,,Denton,104180,903074,66977,836097,7.416557225653711
350,350,Manuel and Theresa's School of Hair Design,Brenham,TX,77833-3033,77833,Private Non-Profit,30.176143,-96.387591,7.0,,17338.0,,,,Washington,70043,33541,3988,29553,11.889925762499628
351,351,Peloton College,Arlington,TX,76011-9998,76011,Private Non-Profit,32.758324,-97.092451,95.0,,22140.0,,,,Tarrant,78872,2083760,229643,1854117,11.02060697969056
352,352,Strand Institute of Beauty & Esthetics,Portland,TX,78374,78374,Private Non-Profit,27.878924,-97.319593,71.0,,28459.0,,,,San Patricio,63842,67900,10701,57199,15.759941089837998
353,353,The Culinary School of Fort Worth,Fort Worth,TX,76116,76116,Private Non-Profit,32.724044,-97.428672,68.0,,25810.0,,,1.0,Tarrant,78872,2083760,229643,1854117,11.02060697969056
354,354,Miller-Motte College-Edge Tech Academy,Arlington,TX,76010,76010,Private Non-Profit,32.708476,-97.060733,103.0,,26543.0,,,,Tarrant,78872,2083760,229643,1854117,11.02060697969056
355,355,Mystros Barber Academy,Houston,TX,77090-3300,77090,Private for Profit,30.014,-95.453049,26.0,,,,,,Harris,70789,4677056,737681,3939375,15.772336273074345
356,356,Salon Professional Academy of San Antonio,San Antonio,TX,78232-2242,78232,Private Non-Profit,29.59369,-98.47,86.0,,19452.0,,,,Bexar,67275,1977132,299972,1677160,15.172077534529812
357,357,Vogue International Academy,Houston,TX,77082,77082,Private Non-Profit,29.73076,-95.641271,18.0,,20145.0,,,,Harris,70789,4677056,737681,3939375,15.772336273074345
358,358,The Salon Professional Academy-Georgetown,Georgetown,TX,78626-5470,78626,Private Non-Profit,30.635778,-97.688068,45.0,,19807.0,,,,Williamson,102851,612543,38840,573703,6.340779341205434
359,359,Chicago School of Professional Psychology at Dallas,Richardson,TX,75080-2208,75080,Private for Profit,32.979753,-96.75721,2.0,,,13224.0,13224.0,,Dallas,70732,2573799,359882,2213917,13.982521556656131
360,360,Texas Tech University Health Sciences Center-El Paso,El Paso,TX,79905-2827,79905,Public,31.771891,-106.43122,257.0,,,,,,El Paso,55417,849872,165778,684094,19.50623152662989
361,361,The College of Health Care Professions-South San Antonio,San Antonio,TX,78221-1474,78221,Private Non-Profit,29.355101,-98.525559,340.0,,31785.0,,,,Bexar,67275,1977132,299972,1677160,15.172077534529812
362,362,MCI,McAllen,TX,78501-2702,78501,Private Non-Profit,26.199744,-98.22256,111.0,,19423.0,,,,Hidalgo,49371,863824,239276,624548,27.69962399748097
363,363,Montana Barber Institute,El Paso,TX,79938-4655,79938,Private Non-Profit,31.763303,-106.265623,21.0,,23061.0,,,,El Paso,55417,849872,165778,684094,19.50623152662989
364,364,Houston Barber School,Houston,TX,77073-4400,77073,Private Non-Profit,29.966414,-95.415514,221.0,,22739.0,,,,Harris,70789,4677056,737681,3939375,15.772336273074345
365,365,Deluxe Barber College,San Antonio,TX,78217-2118,78217,Private Non-Profit,29.554971,-98.400819,95.0,,25020.0,,,,Bexar,67275,1977132,299972,1677160,15.172077534529812
366,366,Southern Careers Institute-Waco,Waco,TX,76706-3756,76706,Private Non-Profit,31.512387,-97.139246,263.0,,23318.0,,,,McLennan,59781,250840,44851,205989,17.88032211768458
367,367,Arizona College of Nursing-Dallas,Dallas,TX,75243-1200,75243,Private Non-Profit,32.923106,-96.75999,296.0,32261.0,,22826.0,22826.0,1.0,Dallas,70732,2573799,359882,2213917,13.982521556656131
368,368,Evvaylois Academy School of Beauty,Brenham,TX,77833,77833,Private for Profit,30.148715,-96.388462,14.0,,26700.0,,,,Washington,70043,33541,3988,29553,11.889925762499628
369,369,Avenue Five Institute-South Austin Campus,Austin,TX,78704-3259,78704,Private Non-Profit,30.221953,-97.756266,84.0,,28027.0,,,,Travis,92731,1262697,142451,1120246,11.281487165963014
370,370,Pima Medical Institute-San Antonio,San Antonio,TX,78213,78213,Private Non-Profit,29.488708,-98.540716,369.0,,22763.0,,,,Bexar,67275,1977132,299972,1677160,15.172077534529812
371,371,The Southwestern Baptist Theological Seminary,Fort Worth,TX,76115,76115,Private for Profit,32.681685,-97.348233,288.0,,,9910.0,9910.0,0.732,Tarrant,78872,2083760,229643,1854117,11.02060697969056
372,372,Christ Mission College,San Antonio,TX,78254-1000,78254,Private for Profit,29.543412,-98.70699,47.0,14398.0,,8229.0,8229.0,,Bexar,67275,1977132,299972,1677160,15.172077534529812
373,373,Texas Healthtech Institute,Beaumont,TX,77707-2604,77707,Private Non-Profit,30.064641,-94.206012,74.0,,17406.0,,,,Jefferson,57294,239089,43498,195591,18.193225117006637
374,374,Tonsorial Arts Barber College,Texarkana,TX,75501-3264,75501,Private Non-Profit,33.435351,-94.079302,73.0,,28579.0,,,,Bowie,56628,86991,15117,71874,17.37765975790599
375,375,Michael's Barber & Hair Stylist Academy,Irving,TX,75062-6016,75062,Private Non-Profit,32.838765,-96.978283,54.0,,28218.0,,,,Dallas,70732,2573799,359882,2213917,13.982521556656131
376,376,Austin Career Institute,Austin,TX,78752,78752,Private Non-Profit,30.36933,-97.726714,76.0,,25894.0,,,,Travis,92731,1262697,142451,1120246,11.281487165963014
377,377,Pearlands Innovative School of Beauty,Pearland,TX,77584-7891,77584,Private Non-Profit,29.55683,-95.365954,21.0,,23925.0,,,,Brazoria,91972,362047,27271,334776,7.532447444668786
378,378,The Professional Cosmetology Academy,Laredo,TX,78041-5930,78041,Private Non-Profit,27.555981,-99.481765,100.0,,18618.0,,,,Webb,59984,264040,56471,207569,21.38728980457506
379,379,Elite Welding Academy,Houston,TX,77087-2904,77087,Private Non-Profit,29.700719,-95.298611,20.0,,27566.0,,,,Harris,70789,4677056,737681,3939375,15.772336273074345
380,380,CTK Healthcare & Career Institute,Irving,TX,75062-7861,75062,Private Non-Profit,32.854097,-96.993287,61.0,,8884.0,,,,Dallas,70732,2573799,359882,2213917,13.982521556656131
381,381,Institute of Allied Healthcare,San Antonio,TX,78229-4538,78229,Private Non-Profit,29.507147,-98.570242,25.0,,7700.0,,,,Bexar,67275,1977132,299972,1677160,15.172077534529812
382,382,Abilene Christian University-Undergraduate Online,Addison,TX,75001,75001,Private for Profit,32.977065,-96.826833,766.0,19042.0,,14520.0,14520.0,0.9915,Dallas,70732,2573799,359882,2213917,13.982521556656131
383,383,Ogle School Hair Skin Nails-Willowbrook,Houston,TX,77070-5656,77070,Private Non-Profit,29.961825,-95.550032,406.0,,23948.0,,,,Harris,70789,4677056,737681,3939375,15.772336273074345
384,384,Galen Health Institutes-Austin Campus,Austin,TX,78781-2301,78781,Private Non-Profit,30.476575,-97.690907,626.0,30546.0,,15800.0,15800.0,,Travis,92731,1262697,142451,1120246,11.281487165963014
385,385,Mei Barber School,Brownsville,TX,78520-5472,78520,Private Non-Profit,25.907884,-97.505114,107.0,,9026.0,,,,Cameron,47435,418955,106182,312773,25.34448807151126
386,386,Universal Technical Institute-West Texas,Austin,TX,78753-9742,78753,Private Non-Profit,30.415828,-97.660482,434.0,,29948.0,,,,Travis,92731,1262697,142451,1120246,11.281487165963014
387,387,Barber Education Academy,Laredo,TX,78041-6039,78041,Private Non-Profit,27.555745,-99.48055,40.0,,,,,,Webb,59984,264040,56471,207569,21.38728980457506
388,388,Legends Barber College,Lufkin,TX,75904-3105,75904,Private Non-Profit,31.331903,-94.754951,24.0,,10000.0,,,,Angelina,57055,84075,13536,70539,16.09991079393399
389,389,Barbers Trade School,Beaumont,TX,77701-3308,77701,Private Non-Profit,30.081479,-94.097718,11.0,,20085.0,,,,Jefferson,57294,239089,43498,195591,18.193225117006637
390,390,Top of the Line Barber School,San Antonio,TX,78218-2109,78218,Private Non-Profit,29.508769,-98.371419,86.0,,28353.0,,,,Bexar,67275,1977132,299972,1677160,15.172077534529812
391,391,RCCGNA Seminary,Greenville,TX,75401-7614,75401,Private for Profit,33.146603,-96.238771,36.0,10300.0,,6800.0,6800.0,0.959,Hunt,66885,98688,12082,86606,12.242623216601816
392,392,Premier Barber School,Houston,TX,77088-2518,77088,Private Non-Profit,29.89282,-95.480589,26.0,,,,,,Harris,70789,4677056,737681,3939375,15.772336273074345
393,393,Galen Health Institutes-Houston,Houston,TX,77041-8241,77041,Private Non-Profit,29.839951,-95.562419,0.0,,,66120.0,66120.0,,Harris,70789,4677056,737681,3939375,15.772336273074345
394,394,Columbia College - Fort Worth,Fort Worth,TX,76127-1188,76127,Private for Profit,,,,,,8496.0,8496.0,,Tarrant,78872,2083760,229643,1854117,11.02060697969056
395,395,Columbia College - Mesquite,Mesquite,TX,75150,75150,Private for Profit,,,,,,8496.0,8496.0,,Dallas,70732,2573799,359882,2213917,13.982521556656131
396,396,Columbia College - Eastfield Pleasant Grove,Dallas,TX,75217,75217,Private for Profit,,,,,,8496.0,8496.0,,Dallas,70732,2573799,359882,2213917,13.982521556656131
397,397,Culinary Institute of America San Antonio,San Antonio,TX,78215,78215,Private for Profit,,,,,,35860.0,35860.0,,Bexar,67275,1977132,299972,1677160,15.172077534529812
398,398,Huston - Tillotson University - Center for Entrepreneurship and Innova,Austin,TX,78702-2753,78702,Private for Profit,,,,,,28230.0,28230.0,,Travis,92731,1262697,142451,1120246,11.281487165963014
399,399,San Jacinto College-North Campus,Houston,TX,77049-4599,77049,Public,,,,,,1872.0,5040.0,,Harris,70789,4677056,737681,3939375,15.772336273074345
400,400,San Jacinto College-South Campus,Houston,TX,77089-6099,77089,Public,,,,,,1872.0,5040.0,,Harris,70789,4677056,737681,3939375,15.772336273074345
401,401,San Jacinto Community College District - Generation Park Campus,Houston,TX,77044-0000,77044,Public,,,,,,1872.0,5040.0,,Harris,70789,4677056,737681,3939375,15.772336273074345
402,402,Texas A & M University Health Science Center,Bryan,TX,77807,77807,Public,,,,,,13239.0,40139.0,,Brazos,57562,216892,52720,164172,24.307028382789593
403,403,ECPI University - San Antonio,San Antonio,TX,78229-3642,78229,Private Non-Profit,,,,,,18484.0,18484.0,,Bexar,67275,1977132,299972,1677160,15.172077534529812
404,404,Nuvani Institute-Uvalde,Uvalde,TX,78801-5242,78801,Private Non-Profit,,,,,,,,,Uvalde,55000,24005,5791,18214,24.12414080399917
405,405,Nuvani Institute-Del Rio,Del Rio,TX,78840-5865,78840,Private Non-Profit,,,,,,,,,Val Verde,57250,45793,7418,38375,16.198982377219227
406,406,Nuvani Institute-South Campus,Austin,TX,78745-5865,78745,Private Non-Profit,,,,,,,,,Travis,92731,1262697,142451,1120246,11.281487165963014
407,407,Texas Barber College - Branch Campus #1,Dallas,TX,75241,75241,Private Non-Profit,,,,,,,,,Dallas,70732,2573799,359882,2213917,13.982521556656131
408,408,Texas Barber College - Branch Campus #2,Dallas,TX,75228,75228,Private Non-Profit,,,,,,,,,Dallas,70732,2573799,359882,2213917,13.982521556656131
409,409,Texas Barber College - Branch Campus #5,Houston,TX,77022,77022,Private Non-Profit,,,,,,,,,Harris,70789,4677056,737681,3939375,15.772336273074345
410,410,CCI Training Center,Dallas,TX,75231,75231,Private Non-Profit,,,,,,,,,Dallas,70732,2573799,359882,2213917,13.982521556656131
411,411,Academy of Hair Design - Austin,Austin,TX,78741-1338,78741,Private Non-Profit,,,,,,,,,Travis,92731,1262697,142451,1120246,11.281487165963014
412,412,Strayer University-Northwest Houston,Houston,TX,77064-5768,77064,Private Non-Profit,,,,,,13515.0,13515.0,,Harris,70789,4677056,737681,3939375,15.772336273074345
413,413,Strayer University-Cedar Hill,Cedar Hill,TX,75104-5768,75104,Private Non-Profit,,,,,,13515.0,13515.0,,Dallas,70732,2573799,359882,2213917,13.982521556656131
414,414,Strayer University-North Dallas,Farmers Branch,TX,75234-5768,75234,Private Non-Profit,,,,,,13515.0,13515.0,,Dallas,70732,2573799,359882,2213917,13.982521556656131
415,415,Strayer University-San Antonio,San Antonio,TX,78216-5768,78216,Private Non-Profit,,,,,,13515.0,13515.0,,Bexar,67275,1977132,299972,1677160,15.172077534529812
416,416,Strayer University - Northwest Houston Campus,Houston,TX,77064-5768,77064,Private Non-Profit,,,,,,13515.0,13515.0,,Harris,70789,4677056,737681,3939375,15.772336273074345
417,417,Relay Graduate School of Education - Houston,Houston,TX,77036,77036,Private for Profit,,,,,,,,,Harris,70789,4677056,737681,3939375,15.772336273074345
418,418,Relay Graduate School of Education - San Antonio,San Antonio,TX,78212,78212,Private for Profit,,,,,,,,,Bexar,67275,1977132,299972,1677160,15.172077534529812
419,419,Relay Graduate School of Education - Dallas-Fort Worth,Dallas,TX,75232,75232,Private for Profit,,,,,,,,,Dallas,70732,2573799,359882,2213917,13.982521556656131
